,M1,M2,M3,M4,M5,M6,M7,M8,M9,M10,M11,M12,M13,M14,M15,M16,M17,M18,M19,M20,M21,M22,M23,M24,M25,M26,M27,M28,M29,M30,M31,M32,M33,M34,M35,M36,M37,M38,M39,M40,M41,M42,M43,M44,M45,M46,M47,M48,M49,M50,M51,M52,M53,M54,M55,M56,M57,M58,M59,M60,M61,M62,M63,M64,M65,M66,M67,M68,M69,M70,M71,M72,M73,M74,M75,M76,M77,M78,M79,M80,M81,M82,M83,M84,M85,M86,M87,M88,M89,M90,M91,M92,M93
"Boiled,Unk,Unk",636512,1203698,4350629,1,306155,893756,1,326432,182994,274567,208289,123669,1229277,180238,767197,5076039,3245254,211225,688774,319495,724699,132150,27812,4326561,458639,1,25431653,4519927,1,5499673,341619,67830132,34676062,43950786,2171309,2382039,6031123,15983134,6653820,1129330,6526418,1238873,1813199,5453494,298462,298462,673839,1276309,1,34572,8554160,7590724,12640751,7518409,1900704,1201448,47692951,7434413,552266,494534,880118,4595998,14603290,141529,1227233,1,258800,19968,4658044,559986,480154,97902,1084317,3081497,1543079,651900,1097247,3515076,229880,25531,823650,445326,1,627931,408373,360946,669414,257265,290359,615347,102211,441962,150772
"Boiled,Unk,Unk",1389465,2016266,4098271,519930,1281754,5453497,410790,1,875360,572310,427133,122484,964122,1234239,1951841,2167480,4988040,1584862,154789,259205,1430540,348375,1,4295111,593097,301504,1829889,20396845,1,741325,365420,25790154,10607566,13925408,6669309,1893030,6570221,15154219,905758,611157,2590827,569034,7344183,5060367,922652,837675,2241153,2806856,340448,438171,561735,362772,316176,3143417,661203,421938,12740093,2455549,1297335,1288578,338435,153058,4075243,626349,754065,33630,245328,1,40115257,831674,864425,48102,2220569,146729,2370184,848605,1231622,1,1,45094,719106,1111079,445791,554144,79443,467126,40876,218018,376641,1526695,1636294,330888,70715
"Boiled,Unk,Unk",1295359,2364678,6448493,507803,646532,2351410,1,1,446567,266039,288308,77856,866973,556355,1795732,5715366,6077489,978826,1132903,352933,916089,224898,24677,4676751,665105,57938,18142669,11784518,103436,2174573,582781,55450838,24121386,31727012,7249067,3282501,10678898,23154730,8665396,1643162,5172156,826195,3007736,3946193,259389,462389,1156104,1823023,197180,47207,2992227,2571218,951596,5868644,1369135,501528,26972840,4211025,1197602,725930,465330,316605,9199330,330025,504790,1,247206,1,8068329,707145,603889,74630,1662241,1021566,1739691,354625,1323491,3010314,207125,40911,738284,643904,1,404876,1,1,504954,46812,368026,934746,419482,827845,109782
"Cold Brew,Arabica,Medium",641721,701978,1604718,227404,398910,1420502,71605,258931,154535,117049,144164,54598,1087136,446162,861161,1510586,2902159,1540550,748197,161755,357913,126100,1,4367152,222617,60932,1,6989759,1,558589,114987,28455240,10652846,15939326,4270966,1395212,4354281,10848680,6094363,510959,1907872,385819,2858832,2885901,256551,352382,1037964,785755,99756,115535,424499,241648,116382,3667501,790528,518512,12017242,2104523,799683,532655,183338,38795,4552562,240829,1219753,1,279053,61543,12866769,350862,386309,32964,1173206,146161,879672,516963,1309139,1165421,17136,25784,377421,369865,70951,589285,116640,184954,279941,1,371452,210738,353531,521541,66915
"Cold Brew,Arabica,Medium",790929,564714,1344359,490832,346021,1474590,1,197467,278353,65305,138090,73923,553699,430668,957117,3868888,2819866,1209625,1,96323,330126,129929,17488,4448610,179590,25608,13413788,6184965,18162,944505,90511,35869146,13926144,20831723,3671539,1604808,4558287,11613981,3808766,660624,2261345,428692,2363054,3042703,160920,313089,837985,1090979,124257,83660,526767,402837,239278,4442493,966994,516238,14537941,2478156,697939,551700,203169,48539,4805069,193508,134992,1,219956,1,3810142,340254,267462,35669,900719,158667,928009,102077,594684,1213017,114406,24237,404394,305166,1,1,1,1,1,1,285424,546059,191789,429220,85617
"Cold Brew,Arabica,Medium",677989,771489,1460398,501352,480738,2016850,1,211312,485057,92621,173856,127933,642141,497337,910575,3627526,2861484,793353,1,146739,577287,135600,20064,4854087,213139,59315,6977450,6836542,1,581996,94557,29037524,10764718,15745145,3937832,1397647,4129737,10693904,4287870,500247,1755719,380796,2513122,2622781,253470,362594,1033192,1210835,166027,134944,383387,239732,152754,2443569,716682,380196,11683863,2098324,726033,574330,243598,1,3288227,272453,527226,1,263878,26204,6888617,564613,350119,1,1093278,128543,813212,141558,1116977,990805,18118,23981,368938,427724,106830,280480,1,130452,1,1,397000,786101,323824,382227,81713
"Cold Brew,Blend,Medium",622766,353636,805262,427359,49265,1400095,209490,228382,325743,253661,204833,107169,863854,513269,694464,1676502,4641277,1094230,779462,160977,379208,99214,3762,4630964,112520,129613,4672161,4236001,37477,418389,60079,20260525,7768797,10488980,3310234,986922,3127272,8207768,1563433,287036,1273299,273154,4281977,3173616,544076,498235,1132511,1262890,128014,199231,318360,193340,952438,2573034,599438,2099369,14418312,3167769,1362232,610277,290850,518461,2727023,348161,737271,1,254765,41714,13233034,765003,355014,1,1136184,121693,907159,783939,1232880,464368,8024,25068,522076,709892,151318,481451,1,40432,166174,54383,402905,490174,418754,131211,69177
"Cold Brew,Blend,Medium",625847,399047,867156,454727,269968,1372053,149300,206737,297645,201074,170568,90069,893461,343195,734453,1622840,4523582,807569,962473,187517,406520,94264,5269,1,128932,59584,6433129,4133292,51764,367105,53076,27571341,10750083,14931664,3039605,1171691,4117209,10508051,1476930,495854,1492923,310685,3063756,3063146,313788,408499,924653,1075113,103920,126566,604021,439195,1232659,3685700,888196,1724076,19374563,3902041,849110,531499,311465,500902,3564243,262088,736393,1,292558,1,8613069,347802,391729,40744,1178386,165009,865490,735770,1075840,579645,11182,20993,514070,453106,106727,787054,84900,1,174194,194231,460668,484145,395019,208170,80489
"Cold Brew,Blend,Medium",696250,432871,659473,265960,520464,2671319,176727,174524,339284,159690,238857,102297,562690,559898,729381,2139169,4061633,1370983,81914,92814,414551,101889,1,4784970,111712,118496,1,1,40972,182236,57681,22017637,8710290,11734152,3389100,1029427,2893121,7988745,3116508,320517,1126073,253068,3702674,2956103,496713,471329,1190687,1201045,1,162825,373940,257388,1260338,2094462,683052,435075,16241406,3554699,1224519,672944,296950,472004,2512642,299073,134463,58435,240120,38051,10282804,246972,250642,37865,1177406,114808,788848,1059523,545302,409843,1,24504,456054,579925,221410,423768,89405,73405,1,360535,324959,541662,522957,184578,70027
"Espresso,Arabica,Dark,Decaf",2013829,1772347,2095281,490106,1450531,7146940,721873,737999,1448285,359559,228812,70315,773737,1961025,3552322,1249621,4057933,1706806,1,328414,1059056,517369,1,4570950,611948,433325,1780465,32813096,1,1,173602,11209962,5174125,7251352,5097764,1436990,3536037,10312730,1,1,1333958,428636,8203603,4560512,1967355,1251865,4087807,1689556,332460,1,134708,72093,398346,1524289,396048,5076876,6411498,1583024,1409568,3330975,141783,1,1985063,901281,680799,122109,262264,1,23188108,258843,921896,1,3680306,1,1376003,191421,790754,906322,1,57682,505921,858784,671929,733095,1,487964,36382,1,1,1608528,5709783,870127,47531
"Espresso,Arabica,Dark,Decaf",1665379,2392223,2690968,1,1241152,7050807,816781,1,2095140,447249,416353,74304,915154,3107418,4620498,1723012,2816355,2207367,1,204224,589923,611019,1,4828566,725818,565487,1535064,39026039,160163,278992,366055,14112663,6309751,8226505,7061120,1943354,2971682,8618022,1667851,1,2148517,615305,12471222,6335666,2688852,1421490,4876977,6188616,347161,146477,107459,107459,1,1757876,588875,2064005,8301636,1990354,2067706,3100230,200989,492194,2403404,1233340,746400,1,258499,393649,39970583,273772,2188123,1,3201156,24612,1556407,210324,1200903,1899484,1,80166,736941,1560269,1159112,798164,108158,718197,1,1,518510,2501639,10228382,906267,1
"Espresso,Arabica,Dark,Decaf",2069884,2226799,3810200,501774,2115465,10311715,551022,268365,1230527,432583,327611,118345,674866,2173086,4516734,4629121,6545094,1690021,1545836,327393,851774,613315,71085,4921070,732622,343827,1,41861341,1,74574,466371,31039957,13120727,16943060,11301377,3453288,7585308,19120972,2208116,1032794,2969766,429162,9213816,5749567,1351747,1078206,3356982,2363061,1,1,714503,529244,824309,3272425,934646,1276845,16090429,3069988,2787231,2441562,200103,427173,4441991,1105596,529052,1,211347,475836,25703524,192809,1,46212,3870448,62567,1414911,193894,517990,2373926,1,98252,627400,893261,642420,666674,130238,442918,207305,1,329913,2360819,2665124,1363654,80867
"Espresso,Arabica,Medium",1184974,1742292,3755741,531241,621443,1715614,1,218546,397379,230909,203787,82410,814363,530512,1456015,2347240,5418378,1497997,1814254,218286,876635,232894,4889,1,456938,126423,5182545,9770031,45356,372491,308790,22924941,8154912,12469815,4149775,1279421,8595787,19458757,1906992,873547,1666177,361538,3207388,2612304,460682,589777,1290178,1148291,131496,268077,613799,546474,492598,3134349,685349,3713194,8894553,1696199,824189,682809,177706,204401,2064916,339831,495414,206414,229477,1,5678782,410190,432945,26552,1618623,227169,1242345,126138,782616,538905,96011,26909,357769,385920,155890,367628,94650,126856,214309,23731,380709,602529,175209,437980,66193
"Espresso,Arabica,Unk",1754908,2219198,2031082,498633,1584913,9284477,913942,1065558,2274132,483745,514806,86769,1017081,3503260,3915114,2121439,3210627,2340511,468455,271482,469092,761213,1,4370357,623409,523241,1513308,39657510,130712,299439,325891,14484406,6109719,7674015,6776617,1944569,3038188,8893766,1863029,1,1924911,590120,12792529,6484137,2439508,1344636,4675279,5494296,471597,1,110105,65843,1,1836674,549708,1952711,8615505,835421,2042000,4242516,235844,576087,2694695,1238127,947739,1,284039,326704,38125738,3513965,2058380,1,3005446,28755,3591954,340669,1106068,2297107,1,76980,690811,1745897,1149741,827092,1,950434,1,68515,557889,2396418,8983364,1084213,1
"Espresso,Arabica,Unk",1499548,2208035,3063007,549269,1658740,8041892,567389,530070,1216311,172532,422828,129807,956550,1694038,2393329,3098516,4518796,1819767,1577446,196464,987857,457847,1,4656513,557522,332419,2063588,27031803,1,1,322373,14700624,5745531,8376439,5220569,1441634,5197331,13398246,849204,434353,1627725,411988,6492163,3826671,1213481,888321,2726924,2729219,424880,1,320028,187075,458041,2002428,566473,3624996,6868412,1573384,1251713,1807505,137186,233283,1978953,696233,639515,1,254099,1,25420323,383773,722283,1,2820915,58822,1732704,177981,1189584,961044,1,44566,537229,919115,618661,527456,1,1,121944,607342,479127,1274201,2725790,614676,82519
"Espresso,Blend,Dark",958053,1452636,3600095,323374,694541,1780002,1,223054,485045,163762,202979,80134,593009,528594,1309733,2033740,6279450,1301110,1,209154,920048,189498,1,4687148,375608,96825,1,8284095,1,532974,294847,24492442,8336785,12081796,3943311,1208071,8480988,19341621,2397053,840698,1866090,370863,2993288,2584438,366868,475160,1169748,1107815,127548,275145,772350,705484,1449053,3574932,788158,956290,11147837,1909426,883129,602131,169065,760457,2436192,318780,119652,95710,246756,80434,5288823,387776,488766,49110,1571618,211310,967635,333522,991525,471965,1,26001,348267,384463,149391,462710,1,117779,246727,173014,275262,676142,219987,482907,67331
"Espresso,Blend,Medium",1017525,1208359,3033955,386939,564689,1510459,1,217797,464101,113630,192172,41209,260465,462484,1290603,2583776,6166354,1310065,1942370,260398,696834,130771,4000,1,360286,84097,8000512,7040083,27773,334649,235160,26637136,8678683,12736027,3867670,1216703,8475176,19669609,4883166,975272,1632952,283232,2908913,2730111,312954,468985,1002749,1186169,127324,187263,862357,739010,2346001,3934054,866073,1047161,12043453,2244308,799808,561128,194970,1040727,2122520,281387,402624,133496,245231,62512,4877710,382976,315506,179513,1530527,289094,865666,398049,1486161,367048,1,22060,382441,354160,72357,337093,1,1,241857,16537,271132,617662,110329,411424,62000
"Espresso,Unk,Unk",1674857,2149259,3221106,496093,2046639,10208513,647697,1,1276085,285153,604831,79887,634048,2017977,3549704,4299259,5173035,1873841,1562030,276451,897833,676216,1,4710293,563400,385720,4549893,37567478,1,345936,420729,26648077,11132418,15151415,9074479,2721206,6616968,16546077,2064855,852707,2767606,556863,8408530,5066933,1310517,1003579,3152937,2269590,526484,662946,653062,448608,930379,2827988,762300,4770348,11820219,2425181,1871945,2186670,312182,431671,4420112,822692,418626,1,282966,207139,20216746,3246778,979831,1,3230834,205271,3274922,135338,1036174,2474969,1,71743,764287,1264662,732776,692204,157016,222520,1,541433,322867,1822344,2641247,1040800,68725
"Filter,Arabica,Dark",466183,992342,792916,444357,437004,1817600,1,60829,342737,94704,150685,91238,846575,402082,480970,535758,1126344,805779,1126094,30798,355538,120228,1,4631603,186891,145579,1,4260387,23180,91728,53012,2515375,1188179,1825468,1028607,330810,1011882,3286103,1,68048,357694,96714,2345654,1436509,564236,440287,1155619,504977,109486,129677,43567,38446,52079,599188,141023,311634,1507510,417166,306043,494504,68468,67210,1296703,311121,689683,1,289221,29456,9023104,369835,489860,1,965063,1,625898,306275,1352019,307165,33771,9172,120969,237011,81172,206001,31871,1,1,1,306067,64677,1084363,237644,27872
"Filter,Arabica,Dark",621531,805283,1317819,409976,415546,2177781,1,89303,375363,103213,94208,81584,668714,470435,674684,1363123,2497575,1118193,1,94946,381138,134314,1,4731723,250177,82182,1,1,91476,142874,98004,5901278,2147178,3406522,1660167,442442,2710851,7338476,1,219213,436590,200045,2024232,1350279,388691,375667,959932,506243,128079,1,107313,89740,219250,804301,243759,420942,2683583,705336,491582,506420,60394,173140,924046,291970,470041,128966,239523,41907,3665537,105348,207144,3215,1229989,1,358100,105348,1151118,385360,1,14565,74476,116491,120529,448948,22109,1,61733,1,386147,365595,567690,282783,33290
"Filter,Arabica,Dark",557348,981328,1804174,413389,510667,2084433,1,84075,519442,133290,132392,37429,697843,453799,618456,1264585,2276901,837897,1635413,64652,577854,106332,1,1,250849,116710,1,5107830,1,91391,118255,5065702,1916967,3064024,1476026,391868,2686136,7011415,1,220088,557663,131632,2121332,1342646,467221,439656,1001042,601629,137432,147180,119638,80741,112860,947115,205187,406931,2422283,648389,397569,474985,69569,67855,397333,254734,463009,1,263020,25692,4653875,192061,225692,3290,943894,27487,532276,81695,1511497,1,1,12645,128664,316597,117066,1,28932,1,48245,1,395136,513174,655098,211038,31658
"Filter,Arabica,Light",555993,801041,2142828,414784,381422,950541,93495,88506,1,43484,104272,121130,541346,292970,704629,1641073,2894160,1085171,58666,98421,408353,100018,1,4483590,240850,40442,1,4139941,12094,299793,152376,16570268,5112637,8642358,2088665,664088,5487020,12869142,7977983,610052,1075614,228322,1362660,1435867,147675,250042,622513,647905,67276,68728,416043,366483,263495,2971670,536252,490088,5374908,1044080,423915,325421,98178,90427,1563781,152670,344898,1,217431,32804,1959988,207280,175921,1,971708,142320,559298,89850,1371383,260523,45538,13126,157010,139935,1,1,1,1,125886,40261,305618,549035,218852,313555,54315
"Filter,Arabica,Light",530926,897202,2521648,393985,256704,757497,1,83800,1,88046,84705,121233,877829,220492,537819,1724690,2388057,716133,1142338,132410,328360,84777,1,4662002,245455,12980,10273625,1,21217,549064,171484,25216178,8614972,13552496,1606314,711401,5321764,12814882,949476,622400,1384134,245615,995729,1479874,78316,193762,1,611818,28733,33967,881390,802557,385517,3477168,708553,447805,8229118,1514195,341430,294919,154421,117758,2368547,154037,682249,1,267036,1,3072774,266907,290338,1,640353,280494,581043,121281,905971,351195,1,1,223550,123465,1,282497,53439,1,224515,1,390591,573137,188918,278970,71776
"Filter,Arabica,Light",518732,710567,1590992,409981,238169,176839,83334,79434,1,45821,59308,72859,845061,244957,680070,1007862,1968828,1015199,1261918,131473,283212,112731,62016,1,187113,1,1,2834839,1,177000,109693,15897054,4798192,7398425,1856274,693677,4277979,2841353,844163,606795,907141,179147,1202428,1196343,129543,234445,640196,579593,1,45300,387406,353893,170555,1868456,471452,439788,4466881,827862,366996,304768,77215,49113,1618533,164804,769148,85834,256365,33392,3053730,231972,325777,1,753132,91697,513818,87990,1056983,124245,10660,11286,142973,104855,1,1,41931,52617,1,1,501370,357877,152915,237420,54911
"Filter,Arabica,Medium",716899,1050016,2852944,1,318179,922289,1,132935,231579,105186,86819,52547,831088,319472,900922,2404203,3597237,819589,853302,194147,464071,148161,1,4541988,324665,42562,10805234,4262539,1,410580,189447,25867731,9354295,13931157,2734338,1048712,6374213,15304954,4833578,890783,1431759,289148,1499067,1637191,172314,302290,716953,772365,65063,84424,857518,746644,602550,3189992,698540,789123,9081624,1792099,617210,410592,159878,201532,2644105,230118,492491,1,236716,1,3346010,265873,502607,23886,1032349,247586,615042,133626,667776,447526,92981,16413,253833,186984,1,1,1,1,226766,15909,352886,501203,130603,268064,74029
"Filter,Arabica,Medium",1067898,1381480,2489142,498109,851010,3964181,145078,218765,693781,179383,289036,123952,801527,1077435,1389188,1194622,3484818,1260476,1485756,111282,936363,241889,25752,4615901,390283,232545,1264504,13715912,130565,198932,202764,13225764,5724026,8054759,3496074,1132873,4048919,10756820,46161,371713,1274255,321396,4478644,2920384,798150,653335,1862654,1135053,206268,235376,295855,182991,278259,1985123,483007,2645024,6288109,1507462,912062,905128,154356,153027,2058715,447241,559634,146311,238204,86804,17180170,408323,817936,3608,1810249,79912,1355300,243639,1107627,630593,30496,27857,364518,579851,269211,714534,57515,1,116933,13338,368001,735978,1418389,487118,63064
"Filter,Arabica,Medium",541533,1252576,2642664,424424,342080,927561,49252,82772,1,98439,98436,131281,1120964,267547,568840,1609731,2956687,1143376,1,119277,400400,93596,1,4672390,271738,40730,1,3433675,1,350348,189190,17679361,5989942,9529579,1960970,708345,5455764,12701741,2370881,522893,1166062,234382,1301869,1421420,161580,244002,646013,448215,71076,91924,543456,447898,226698,2734363,550569,424034,6471619,1180277,407136,297468,148662,77234,1620747,170929,978443,1,252663,1,5908186,170169,329078,3672,824521,179151,554373,134358,1224701,211385,1,11694,204240,189839,1,1,1,1,164452,1,326178,368747,1,274317,63891
"Filter,Arabica,Medium",534233,792517,2145813,40526,264088,251722,1,68992,175426,51905,66830,124910,1193074,247015,638996,1486695,1933578,763755,1235923,138459,341465,107208,1,4362120,227296,16991,1,1,18349,424490,139850,21963138,7245729,11962952,1784813,756584,5089714,12104588,2429549,666184,1264505,236728,1160923,1504420,90984,190489,491597,272795,36786,30604,704486,652729,348577,3145791,599524,489367,7084525,1237557,346035,289343,120169,106663,2149854,141252,1410005,1,264824,1,3251153,280184,274832,1,683245,209714,552409,49885,888024,1,66144,10250,207775,124516,1,306513,1,1,176184,32552,377606,342374,1,266608,60323
"Filter,Arabica,Medium",509914,1108211,2753830,434888,334135,855548,97696,83076,194838,107936,89686,102786,1040848,264057,555465,1284826,2914720,754254,1660127,104335,498994,88014,1,4376807,292309,30267,1,3720854,10401,396064,183597,19396854,6174458,9585428,2288011,760129,5533130,13275896,3489894,550034,1151850,214422,1336456,1420546,130871,222634,586838,401816,47000,82977,585897,530154,236993,2792067,562213,477066,6459530,1209024,447645,292026,115756,122306,2051412,147585,1129335,1,260342,29852,5306940,207375,349751,1,771278,219630,535449,94452,773302,293634,56531,1,192025,138532,1,114339,54391,83907,187367,1,473330,1,169656,318644,59523
"Filter,Arabica,Medium",743471,934940,2486178,499299,265830,911972,92810,116706,276500,151045,97423,86555,708477,312306,856942,2751888,2284629,951946,65322,210530,649715,116876,1,4636792,293076,13503,15563343,4073799,1,707130,170901,28424479,10098659,14852794,2341345,1035580,5912314,14187899,4022500,898592,1761352,275996,1398417,1994438,106556,250797,631123,786345,64708,32358,879167,831304,535903,3825609,850286,624660,9921997,1713122,418264,406436,143526,199169,3249759,187213,563186,1,238272,19543,3251307,343119,214333,506,853541,226805,726256,150750,704990,778088,64063,15535,324665,188199,1,175807,1,1,1,12725,342574,712954,236028,314341,74413
"Filter,Arabica,Medium,Decaf",785055,1000706,3813309,492860,333921,1118792,1,1,1,55668,40894,62552,805348,323698,1175881,3603730,2762081,767635,1,340726,472812,102636,16474,150618,327301,22835,18852618,4946707,1,734848,256111,35506564,14817984,21469522,3000194,1469308,7110556,16737960,3655306,1477853,2425915,428319,1077595,1571491,104102,287609,711239,909203,68646,67619,1549567,1402869,800955,4276970,890257,1833794,13438937,2441479,558144,549675,196941,291287,4975685,236406,673422,1,260892,43873,2736161,215622,378860,27050,964020,465969,446167,106862,1113062,971673,89355,21324,300922,113566,1,1,1,1,268669,277076,373962,640070,254528,462691,88866
"Filter,Arabica,Medium,Decaf",678834,923648,2889437,463026,248333,808138,44135,139621,1,84844,32444,89783,917797,300374,1027760,1728156,2644368,1312120,920283,261058,366818,95565,6478,4426681,282483,33000,12304725,3686665,25142,309410,217681,26664100,10635110,14740607,2710316,1136134,5730092,5117967,4257232,1065129,1617431,356627,1140551,1340758,135243,290502,642333,439592,52240,77619,971229,799013,736256,3675146,899511,642527,11361432,2273097,638335,401465,146391,299329,3697073,228761,813442,1,254881,55593,3733125,128700,446379,1,1131002,293957,384221,186761,854234,377128,77000,18031,234122,80461,1,1,1,1,234025,88658,430648,175286,246880,351265,74532
"Filter,Arabica,Medium,Decaf",899238,836740,1682159,433429,653477,2509271,277895,239990,512696,135423,134850,78159,900216,776161,1292708,1077458,2292821,983983,1010660,122155,653285,137260,1,4818885,291054,172931,1,10083097,1,43302,127063,8013772,3694411,4975771,2653157,781323,2457146,7346220,478356,99316,880856,198976,3388731,2220261,744679,657740,1656097,1343532,127683,1,259792,95694,171719,1330893,334235,1983970,3851369,1069684,758047,809194,65656,115999,1529548,404135,579593,1,239216,1,15148691,126201,586231,1,1510295,123154,425263,59228,1455842,228708,8525,23054,222420,293127,205662,373742,1,1,26294,1,298531,547175,1235291,424811,39844
"Filter,Arabica,Medium,Decaf",542744,849872,2383258,418716,291144,910630,130654,75676,1,71097,41537,63216,1106830,311002,616555,1189014,2056383,1279049,806922,143406,332659,67424,16736,4413864,239773,38866,1,3200644,1,172511,146305,12559904,4244473,6652001,1453784,491960,3916183,9576698,19388,492428,1066282,205315,756707,683697,150417,240378,613751,383459,46842,91352,307949,277581,173280,1476804,443001,687037,4478355,960997,355726,333434,101000,81015,1872088,214842,1338463,1,259472,1,6982463,135845,324056,9072,752720,99998,444474,30888,1010677,243363,47714,15533,130643,90004,1,222948,43690,1,111403,1,412969,540839,1,325939,49713
"Filter,Arabica,Medium,Decaf",553544,486638,1252917,223390,244263,882569,1,92176,262275,51919,53880,79500,842863,297749,739336,1631562,2140388,675145,1,164451,322253,42642,1,1,224171,24037,6432396,3207684,1,236372,87971,15835964,5239783,8092525,1750362,629642,4409552,10775502,1734175,637642,935711,195562,1128153,1232734,173299,287225,621649,685387,1,98680,446717,393196,143388,1793847,494109,340777,4954620,983670,369949,332930,99615,41411,1646668,158963,633797,1,258561,36479,2410430,97878,198887,10019,645018,147669,172357,100847,1310188,1,8881,1,197195,123947,1,152724,1,1,159464,1,418105,418500,229733,281531,63280
"Filter,Blend,Dark",482892,578734,1382673,374990,394210,1392524,1,101379,271345,111591,116319,47070,645031,351796,549390,1495040,2759328,1171739,2883090,158436,502815,59548,10595,4469508,156992,82735,1400263,3491733,22393,140703,104392,9064089,3274076,5189072,1536202,436786,3043767,7918043,1,342105,667316,162746,1801924,1394016,339196,347087,742843,652777,108141,1,246776,198228,564057,1044272,305607,623881,4197386,928633,479556,376213,80666,358469,1133011,210991,475788,143788,241426,21361,3206835,289189,192753,1,866869,94348,547303,444237,704147,1,48691,1,180059,244583,140418,129322,1,44151,1,67600,354336,354704,387174,164873,40728
"Filter,Blend,Dark",584438,1023052,2375420,477887,338324,1120529,1,143415,219024,290883,165699,64603,649957,376787,634880,1417521,5456094,1037763,67828,166389,765083,86014,1,4634808,285791,118962,1,3050157,1,477364,177971,23682880,9210447,12639538,3150383,1000649,5161743,13074429,25233,406362,1427505,288592,2548857,2118158,411602,390073,801222,912731,95003,100354,925245,732007,1839490,2091944,724931,289581,13558551,2876396,1100694,422856,258594,1009369,1626161,276273,463061,93785,241028,1,5427015,895690,418746,1,1072231,299559,644344,834341,842116,187665,1,17781,266137,333773,99732,367883,75311,1,1,223903,240312,408469,320464,175875,81405
"Filter,Blend,Dark",547365,836555,1056016,423663,412768,1344861,212543,86456,384027,72188,103492,58888,910830,449523,685542,230618,1493742,1162805,1339745,78861,417088,121893,1,4710049,193781,158510,1,5146309,24447,42247,71520,3221199,1392096,2237814,1337551,319124,1558920,4813424,3827,179362,433938,89796,2492987,1511206,554978,441364,1226284,560550,65679,80625,80787,66324,60359,434405,131869,1685462,1882262,515998,381504,532130,41588,46528,319071,258066,594396,198875,252616,48837,8359788,198253,521402,5602,1026882,1,573586,364252,1120542,251110,125411,10196,105808,231511,54478,125917,5802,1,8740,1,373756,494818,1053217,233037,17738
"Filter,Blend,Light",416264,216011,442220,1,404994,1034079,1,97751,1,166473,140172,107716,1147880,208769,424935,1244835,4400779,292137,2272128,108809,313226,40077,1,4356751,78251,88486,1597105,1,9622,110667,28114,16153778,6046179,8815225,1480824,516246,3398782,9024356,1047072,609869,689027,112644,2132900,1977654,338743,436115,636541,871729,1,88982,851383,774848,2977322,1978725,583852,188891,12158527,2578276,685690,254556,260058,1586111,1185129,204545,1464439,1,266197,58519,6470244,292172,286514,11335,982039,260961,607599,1202465,1365197,375300,1,1,238548,338860,1,1,1,19955,146326,35907,360987,306625,159373,94389,61921
"Filter,Blend,Light",606233,1018220,2398219,418732,322372,943340,1,119121,284399,281437,156234,113374,641658,315643,695920,1404690,5842475,457514,55111,180442,613542,110007,1,4648703,276238,56931,1,3427135,17070,409352,174224,30099387,11741932,16083502,3427189,1205788,6166231,15349752,4661719,608244,1588566,377847,2362973,2265759,270722,371786,757457,999319,85827,1,1284382,1067527,2916883,3567268,810923,667338,17552941,3709355,1020963,359259,303113,1023961,1990618,227612,136018,208458,233299,40642,4699243,413308,306993,34495,1070219,415689,762996,809356,861279,350409,20109,18849,320342,296543,63637,173133,1,62991,263690,410865,332459,568154,284083,245284,82560
"Filter,Blend,Medium",480683,584473,1052121,374872,378811,1165171,1,64497,361275,150728,143985,80565,1333455,326533,496989,1215608,3934499,563932,1472782,129780,519553,62068,1,4830076,144786,63191,1387885,3172407,1,100447,71460,12800827,4525837,6861020,1545832,513592,3756160,9604241,10588,328753,778451,157055,1991503,1684254,295972,336020,716035,689106,83000,111907,487600,403056,1821658,1489897,435076,338219,8920078,1818060,605759,373088,188846,756617,1316985,227080,1576074,63017,272062,23316,7310373,264205,411609,22758,1061732,167266,539662,877105,1221213,1,1,12115,237009,280012,72478,253781,49143,1,110316,255411,350455,497382,246354,174624,54622
"Filter,Blend,Medium",550660,650134,1524836,494805,281521,1175277,1,120111,315663,250598,192903,56870,710855,344690,574258,1322051,5563544,896162,2390090,211584,601375,91282,57782,4788890,173986,90027,1,2657899,16683,381067,104733,16029509,6131738,8874428,2225688,712915,4177445,11188746,3986614,341860,969042,107745,2637396,2068293,420780,411815,805191,877650,87326,27625,432771,267577,1109786,2310626,511551,217547,10653400,2407081,899253,416852,270186,821354,1255669,344051,514684,227422,247855,1,6799372,529274,2433624,22435,1029599,150057,894212,645356,708420,1,73036,16443,276857,381799,64794,1,61294,25630,1,36101,346423,106894,250877,126262,69155
"Filter,Blend,Medium",487471,503842,1324103,423940,250706,871897,1,60183,188378,134978,132145,116501,716844,212428,527792,1775911,4024214,392756,68524,128996,292635,65174,1,4748976,155042,37430,5998866,1,16570,253464,89936,17836691,5904070,9138659,1749248,584808,4618216,11421772,1059139,472657,894301,153067,1438466,1487265,159852,268228,523523,760157,1,37549,704558,588861,1579560,1883404,518627,238831,9773541,1875474,522091,143460,184901,697000,1325598,205725,462155,1,253623,1,3116429,234109,424369,26968,800280,201927,510425,477777,811395,320404,1,11113,250338,210977,1,138488,73464,148927,1,29014,335041,510465,184492,172128,78430
"Filter,Blend,Medium,Decaf",573832,201156,436138,426031,362773,1129169,1,137039,1,141621,98860,95465,999711,328905,715328,1434482,4537149,796622,1302141,193147,251063,81956,1,4295501,114585,52438,1,3004274,14624,52177,26294,14864758,5637605,8679593,1949779,643592,3909200,10160454,1,509125,754341,166227,1704637,1468937,317867,396785,681031,708652,69516,101262,610065,518676,1363654,1683305,515895,270987,10819985,2266177,898751,371271,145988,376757,1411058,236101,867650,1,276247,30932,6550403,92299,372513,30719,911316,203267,197452,138427,937034,146820,1,14472,333542,262753,1,285689,1,1,153022,153228,338817,550453,206817,130925,48537
"Filter,Blend,Medium,Decaf",404176,363973,989070,407341,213329,867171,1,83397,191927,98122,41309,50313,694402,288616,534668,1027946,3232536,1098560,1,119159,353357,37028,1,4535601,89834,57624,1465789,1,1,86749,67739,9422819,3754972,5687595,1216866,403061,2728084,7190448,4106022,354980,546421,118282,741369,577194,259024,315620,580307,610860,63168,125207,348498,270500,703950,1293495,414777,1440295,6671436,1538633,635248,314634,91104,441112,886879,202058,453531,1,246000,35526,2622576,106757,197490,1,622144,111910,407387,321095,1085256,345701,1,1,145864,105938,1,284221,1,1,100757,57685,290451,1,302302,106705,45588
"French Press,Arabica,Medium",549150,666921,1764972,537989,210585,256770,1,64327,1,49604,68654,111573,1012126,229082,617752,1438593,1710844,1102752,1096605,82904,296682,95188,1,4592319,208905,28975,1,1,1,421875,119397,21481140,6818519,10496712,1658921,733656,4678047,11469973,1965812,628508,1215434,218777,1160234,1471172,89593,186215,505695,603718,1,71880,588841,532241,291723,2680730,642431,686431,6813212,1143096,349826,318250,111018,88074,2057146,142468,884709,1,264577,22060,2660544,165760,362876,11254,1128734,195830,490388,72310,1246169,1,1,1,214269,85905,1,323054,68068,28270,184637,8803,529299,438208,176614,302868,56920
"French Press,Arabica,Medium",557854,1067057,2653108,545995,308788,734020,1,115763,266067,92409,93553,143945,1044839,259139,631744,1128968,3134721,936655,819549,105522,459473,86555,1,4432770,289022,52814,1,3460629,1,432106,194965,20988518,7092964,11534399,2505369,840322,5833297,13602173,981317,619783,1327046,228315,1458161,1575249,144636,262338,666162,661533,39736,77500,605881,538714,246671,2693474,570244,1606279,7389252,1328946,484249,417839,131437,126579,2049907,185139,979997,1,257950,38142,5262410,195602,580293,1,834342,192660,563774,231584,1347902,620277,1,13938,168526,183276,1,128506,69240,82911,179499,1,528130,430829,133095,377105,60243
"French Press,Arabica,Medium",546509,963069,2050609,343766,281737,65599,1,91189,1,79996,71632,115284,521624,286738,607272,1100171,2114196,1341521,1368826,153310,361968,91462,58803,4608550,239178,31816,1,2890777,22956,336342,156381,18245721,6304403,10199073,1987262,755050,4589687,11589267,840464,534227,1332786,222477,1348393,1437225,164193,281329,677967,719919,1,67993,495375,409920,188744,1934385,543174,437341,6564617,1280554,406084,328249,146995,67133,1654361,171893,511795,1,246159,34635,2416487,240124,275465,14501,917101,154955,562549,113331,1293135,1,1,10487,175899,156571,1,1,1,1,169979,1,399822,455972,168787,256290,58885
"French Press,Blend,Medium",516927,549620,1286404,1,366930,1116154,214762,123677,255697,213090,163051,60988,808916,320895,509553,1377760,4607173,788087,1375008,167244,345043,73715,1,4608964,145895,73729,3691254,1,1,291561,85882,12862969,4589521,7134619,1814602,541575,4009806,10195171,1,300484,788453,169317,2291395,1725267,359174,379103,716413,781188,101709,169685,382517,299537,1265858,2008475,422259,1651793,8064089,1762909,746357,385579,204807,827908,1320391,274311,633815,113355,268906,25636,5673927,297764,664549,1,1048540,126758,693719,713816,788254,100044,1,12998,264838,406547,106257,323550,63921,105419,118217,21147,398310,499686,228659,252556,52542
"French Press,Blend,Medium",551378,585015,1044872,408018,313434,1004731,150480,107604,324776,189204,128502,61435,900214,342998,593032,1139452,3902843,765260,1373636,120005,353232,67685,1774,4646413,170375,82814,1536754,3158908,22336,124494,69931,14520430,5314749,7934331,1810585,580240,3759659,9835117,1,304069,859586,162732,2345118,1973683,353745,412690,838044,844431,80524,168520,550985,409458,1683050,1526523,478413,392064,10006628,1975378,666745,430374,197587,724636,1484858,243504,552229,1,280882,41065,8052046,296823,535911,25641,1095946,194517,629385,927353,1035592,151101,1,15198,254783,308013,53889,1,58900,1,120991,268551,411440,592443,329906,161077,57473
"French Press,Blend,Medium",536815,589870,1394281,449294,382765,1032358,1,94621,1,181390,136376,103405,1052752,267841,567853,1628608,4453395,1093680,1911620,168708,412543,71646,1,4840288,177627,43401,1,2984244,11417,263271,73538,19691030,6779675,10411566,1881865,708745,5092225,12315397,819012,472975,1052350,184906,1744159,1752518,188473,298433,627949,598527,69295,64203,767553,686186,1799605,2788503,576367,355945,11180576,2123270,630981,342046,201106,804508,1745295,223248,959434,85970,271384,1,5537824,540931,394359,20630,893813,264529,618487,530609,1123581,214112,1,12374,320477,281624,1,1,62773,34330,171734,1,284634,487201,121731,154385,65512
"Instant,Blend,Dark",612742,449748,620056,402874,227770,36818,1,126539,1,388377,44147,66127,836784,216822,769551,968105,3269772,606259,1430526,150378,1,72070,1,4552083,137536,526984,25324240,2830927,1,153767,39986,12470689,5700034,8091229,2244530,747448,1785534,6109452,874866,471409,719609,172887,4713501,6877122,947605,2158682,1495624,3106965,59204,132567,545800,394975,1869892,1499716,528061,1529201,11327863,2862877,1167208,565916,182288,941560,1434112,248168,516968,1,249411,1,2594307,247689,2877356,1,1006058,135332,576373,684392,688365,292143,1,12897,168748,411727,1,292797,1,1,93501,250669,407899,468118,323567,206301,53666
"Instant,Blend,Light-Medium",761988,589538,1301654,417259,140848,281618,854047,183506,177995,262485,57821,85731,1054063,265848,1127069,1855169,3581749,677162,873926,299322,415604,121799,5029,4398810,196407,374488,38029889,3661387,1,267528,89190,25592884,10705496,14293641,2539408,1071402,3413501,10280012,954760,892944,1395566,300277,4589465,8807686,722208,2560228,1875177,1144164,60691,67306,1455906,1182595,2647280,3643420,929963,547148,17589567,3745314,892947,543920,319909,1362708,2652768,225054,1118730,1,280923,49309,5002448,293085,4811553,55473,1099960,431341,739460,977017,984493,345492,72378,15355,333154,502197,1,261454,135394,1,278351,86423,437547,677150,304363,244458,97486
"Instant,Blend,Light-Medium,Decaf",637367,296479,706337,426132,178056,747823,221350,217655,212998,297549,40346,82616,640626,323986,1089837,1444981,2325361,1,1,181088,1,120774,1,4989713,125992,650342,23429159,4363158,1,24047,51303,8859381,4131954,5518494,2144607,655999,1285755,4680186,1,485255,667451,171518,4921014,7566511,1235175,2714188,1866521,4108489,92155,204861,311329,206148,589826,1351010,340989,321933,6100904,1700809,1040952,616345,55268,379272,977777,181849,132348,1,257330,1,2663292,61786,3796037,1,933696,77168,242799,52300,884439,112852,96474,1,214431,357809,44458,253390,145920,1,84094,1,311454,487551,468367,260899,51858
"Instant,Blend,Medium",748840,638077,403846,444852,164994,387958,64940,163082,1,350008,24833,79016,531723,196419,881825,1471568,2775101,1,1,256754,134380,111561,1,4410940,124891,459795,29240243,1,1,179238,17206,25095880,12061885,15324704,2780493,928190,1492135,5348582,5292862,818141,1251940,406414,5742898,10117366,1002460,2921937,1840535,4484930,1,91971,1268425,1000990,6022989,2936299,1122067,399552,20126165,5334790,1464926,459336,507580,1016507,2766741,337308,385176,1,218982,1,2195255,370378,2526822,128575,1416743,349598,1141662,3489738,1097245,348206,56599,16959,224196,409985,1,319337,1,365641,14045,2498491,280151,720141,362014,188868,84004
"Instant,Blend,Medium",594979,432520,402897,491628,116806,198336,91561,143928,145798,283994,33350,55522,555006,157906,812154,2152431,2659973,176215,1646790,225022,1,116774,1,4667635,109396,481281,28913677,1,1,152637,30123,20988596,9167332,12329936,2213922,800386,1456479,5185393,529239,759778,957566,263863,4930794,7658385,1006120,2438416,1527334,3435340,1,64657,997913,779828,3083577,3030736,803581,697758,16563817,4144834,1192467,426265,315126,675664,2301616,219034,597812,1,245911,1,1558738,297058,1200587,50368,1109831,300206,725889,1492528,1119653,244542,1,11643,193852,318561,1,313202,120611,39992,171625,1214488,416019,537066,170776,149345,64047
"Instant,Blend,Medium,Decaf",687724,83692,91366,369704,162676,881381,202746,186902,232531,301850,45584,57698,528299,423702,976947,1379458,2184086,1066892,2591395,103143,1,42138,1,4585161,1,917326,21707454,3955910,1,37155,1,5040173,2498437,3579908,1782811,517462,569301,2511199,5036554,394648,404711,150136,6158556,7177481,1856866,2629205,1879683,3867287,104588,1,142782,113929,480910,808410,328480,117331,5587660,1685275,1125120,857086,74536,217910,470027,314839,127198,1,237963,1,5278386,75542,2163944,1,841783,48702,266892,89548,2086198,363255,1,12226,204425,418596,119862,644834,84271,1,1,1,293393,660051,784356,179535,37592
"Instant,Blend,Medium,Decaf",918646,314193,657667,480013,111863,257548,167410,401360,1,326044,19823,57131,619714,253314,1162549,1387515,3270232,245836,1,203797,1,148646,1,4529994,116069,837499,20349606,3654272,1,79454,46349,15395936,7218258,9429088,2973991,979844,1127853,4838280,1624105,986970,808137,212833,5334799,8376258,1825191,3449352,2251829,4426569,49745,132058,647963,505655,986141,1624146,629897,1516315,12564804,3302550,1545894,608708,68752,689593,1611239,343912,443378,1,243264,1,1798032,761432,2752025,59281,1000357,167498,824794,756256,529955,456630,1,21195,91580,167097,1,313998,1,1,128662,1,329407,676100,147946,181667,60891
"Instant,Blend,Medium-Dark",685549,430272,739384,368928,252040,925417,78200,111236,247073,392460,52429,69283,567185,374283,860441,1671430,2602196,531570,1,120750,340975,184907,1,4973880,225333,644505,23095352,4229407,1,173339,58330,7908967,3655857,5101606,1848486,609959,1481509,5160972,1,319957,687008,205890,5021863,7442905,1097274,2437634,1781812,3530941,120906,196329,287603,191441,831723,1074026,410816,177388,6368062,1749227,882563,632396,120645,692907,1015289,252036,391925,75364,225509,1,3012578,258912,4111384,1,1008193,72329,346184,569429,1022125,307046,1,13854,187716,422694,131565,307332,43410,97918,69699,39821,294156,549305,712427,201715,37094
"Instant,Blend,Medium-Dark",562005,247178,231928,502759,203405,272948,1,1,1,396689,54431,84590,692672,220846,766689,1137180,3866431,1208057,2101218,141046,1,100922,3557,4729664,67254,430638,27045095,2549366,162364,62397,1,13211066,5647539,7743875,2233862,757400,2367143,7123892,3025901,512068,600922,133952,3886103,5894040,703420,1986883,1145526,3071367,64407,150123,659828,504426,2840134,1436985,508138,1624495,11528921,2811402,1092046,434213,178061,1789237,983414,1,533957,1,243574,1,1,237184,2204658,38453,971641,176716,421628,797456,987872,351349,1,1,165306,359697,1,347116,1,1,158470,32813,404021,455533,155283,171609,58415
"Instant,Unk,Unk",515057,84278,78965,421179,77703,340275,61959,127045,1,389254,23963,72877,1010018,190265,577361,1230085,3118878,836029,1214014,111762,93911,162301,3699,4545193,38535,485322,20983860,1,1,1,1,8945213,3956630,5433945,1545088,524608,1283629,4489371,1,405790,388559,104329,3844742,5566994,778997,1908071,1131060,1235936,41242,92225,415278,315303,1823536,979702,332586,1353046,9289375,2409958,1021024,354486,178458,1261552,758755,202378,828143,1,253146,1,5482062,259934,2578637,38064,811304,107852,398302,1122338,989060,1,49455,7567,180418,388556,1,162843,1,1,56722,33857,409332,402454,237754,117533,38531
"Instant,Unk,Unk",308408,191067,149554,405935,196173,1,153267,234157,1,76540,1,84861,960166,215075,289639,1,685464,889217,1866489,124431,18935,17581,1,4181515,9670,264008,10075587,1,1,180325,23178,5648818,2634595,3498300,707511,236398,714388,714008,7443,282949,254544,118734,2450793,3006170,614202,978641,849873,644371,18939,32188,267245,208929,759512,870371,224348,1503148,4363432,1300151,503231,320911,83427,148307,5759290,293099,592973,1,253420,1,3958529,306090,1395849,49061,806215,65230,592258,976096,1266010,778838,1,8158,124346,124346,1,291212,50589,19822,100981,404823,355779,1,2280761,123917,27639
"Instant,Unk,Unk",399958,132547,78738,403700,53615,1,1,120468,1,151902,1,62474,854221,139578,374053,3809798,984299,2956165,1012237,116581,1,62900,1,4119819,42874,393899,25890330,1,1,101289,342,4828158,2407953,3470750,859017,291932,242954,1143612,1444521,322609,231801,82220,2907264,4171795,736708,1257072,919151,725568,1,1,238443,182911,895806,566026,210670,340350,4162018,1287329,596816,372581,103746,312636,2207630,180686,166690,1,244139,1,3328776,249694,1031770,27685,842678,57700,606222,1287101,1514713,581871,27103,8958,166819,166819,1,198572,62784,1,40336,309232,321392,403045,1333705,150596,24030
"K-Cup,Arabica,Medium",1031062,856019,1607235,446821,754499,3068271,255941,176101,601472,173207,148850,83069,491788,630177,1166720,2316678,3587402,1435360,1,241848,546920,202122,1,1,299829,80499,1,9974115,1,216689,143563,16532763,5491868,8544374,3468990,956859,5079520,12531289,4249700,513948,1214600,289375,2890674,2238055,399811,405533,1244555,815446,207831,172354,306374,255217,347232,2698741,553364,658067,6542559,1321702,785493,815372,119510,153654,1643509,388192,366655,179609,222129,40192,5164672,339401,295464,44351,1500764,105579,740372,250541,1015220,414551,1,23575,242523,290851,149116,239726,6708,1,131936,1,299307,1,501918,375406,51493
"K-Cup,Arabica,Medium",916902,902329,2083403,529002,568797,2242386,1,205211,610694,167935,153011,72211,766951,496399,1015376,2340888,3509317,1533885,1,163786,559983,179261,1,4798089,264843,80139,1,7694473,34449,280505,146027,21142605,7072528,10529330,3638488,1088792,5828808,14189517,3914747,607133,1279634,233761,2211084,1936420,278221,372031,1038772,942735,149734,165340,491010,411017,364620,2437599,519648,643251,6767766,1320457,631716,591124,154710,189983,2163500,310200,506378,1,233470,34954,6766211,318346,291965,14274,1126746,186416,776095,126532,1242043,436679,1,22587,272691,317142,117185,1,1,85514,194401,160037,417970,807375,373385,438762,55128
"K-Cup,Arabica,Medium",787453,558953,1350380,411709,364372,1384990,1,168550,345779,88753,94297,63394,817976,404005,977736,1506229,3357415,877565,1430036,130487,596505,121312,1,4371645,237952,50283,1,6659882,1,194715,96297,18732612,6120477,9667620,3292025,975788,5232329,13008262,54019,583791,1082453,191565,2249485,1974099,233326,306956,951851,736262,82148,94170,402029,333104,359081,2715432,539220,811263,6726422,1357558,655472,565489,83835,139396,1656890,278801,642276,1,228524,69771,4684670,277550,342352,1,1016495,208717,588802,80819,1245687,287394,74759,18327,207686,182864,1,1,1,1,172780,9193,470541,557606,235492,359831,67442
"K-Cup,Arabica,Medium,Decaf",933167,1293516,2403879,517375,536786,2147491,304771,347328,738414,169257,138852,58454,876115,1082123,1652593,892092,2803941,1555667,792125,118936,984499,198944,17519,1,393850,270155,1,10980736,74494,50440,179846,10008551,3873187,5817699,3536758,889076,3316698,8984239,2983049,319147,1196466,325479,4557070,2761832,1015683,789394,2157500,1253569,123508,1,208766,107642,154850,1534145,249677,787048,4645636,1034346,913408,1003253,79382,91730,1415260,476094,733759,1,253837,115501,19136772,148696,955551,1,1665373,27246,585472,61296,882403,449461,22300,33925,320794,487426,295086,266891,49173,1,22346,52440,470305,812069,2086506,526763,38738
"K-Cup,Arabica,Medium,Decaf",1086589,672365,1137844,369699,607152,2524373,279143,207916,519794,124793,108979,65111,574997,702127,1413993,2123726,3417065,1015864,1,197206,482205,139671,3402,4661346,321198,89388,1,10589182,1,77328,86257,15692070,5531702,8236398,3776498,1061872,4515715,11559234,1,525262,1128593,231206,2700003,1970562,433289,458971,1350321,863569,141641,125794,305190,219732,179908,2169175,487997,866201,6229037,1297080,895402,817442,87552,48666,1878001,405001,425900,1,229433,74616,7604303,106541,331408,10248,1912686,36391,142519,51826,1148599,318436,1,27542,254742,221285,159628,439675,1,99612,83482,1,256306,143030,637313,523313,55459
"Percolated,Arabica,Medium",625440,1032354,2613917,125188,245109,814213,1,114601,1,72117,72843,77657,899840,275933,739676,1551805,2946982,531584,1012240,212484,405030,138659,1,4508881,269321,19545,1,3096804,1,547874,184087,27053827,9607830,15111173,2486037,1025748,6072163,14465742,1547167,846586,1634014,305962,1407451,1865324,108708,226901,591642,680527,44310,75248,912704,869361,437139,3844186,811472,1679671,9763271,1688499,458424,379334,147979,102890,2931821,170875,767193,1,251663,22270,4246440,308159,563648,4440,822849,255421,604439,369641,922057,1,84268,12473,268965,141488,1,1,1,20105,273959,35820,518914,120269,230547,384080,68559
"Percolated,Arabica,Medium",650461,1258855,2682102,444163,382346,1165520,1,128012,340996,137262,110852,96463,1012578,267629,717142,1197395,3432792,1034797,959648,155375,621641,117921,13218,4386586,302164,1,3793080,3944763,1,432577,194497,22484889,7779879,11532284,2691165,878719,6165434,14647486,839201,661525,1468334,294061,1630185,1840695,191003,323009,731478,583143,87625,167114,682947,586163,293566,2389998,687115,571455,8750929,1651846,527824,417034,193101,102078,2078509,212383,881564,1,249809,1,5598689,265391,551438,17703,1040130,191644,683953,120080,1392546,358360,1,14311,239045,257585,1,608058,1,74857,172631,1,447507,437356,98032,323057,72328
"Percolated,Arabica,Medium",652830,1043352,2782298,410909,355459,1337277,85784,173472,202884,89933,138368,94406,645815,345937,789425,2102357,3709760,900038,1,134927,563383,128201,1,4727810,298870,52961,3173109,5571060,1,626602,194290,25795078,8988464,13816283,3392927,1048728,6548936,15452805,1,691312,1516836,297045,1769811,1846021,174050,286354,749756,767792,91821,74264,827367,752976,327599,3149761,701453,901954,8784769,1654261,581901,372585,155614,142944,2396254,191108,453437,1,246943,53973,3263824,226230,250379,13096,1148530,279369,641354,200927,1256671,1,71022,18017,235552,219727,1,1,76082,75357,191512,10946,348762,610679,131379,468740,85251
"Percolated,Blend,Medium",644759,757473,1418629,395402,425479,1454420,77666,130626,438593,265109,171329,63068,833977,388312,649857,1506508,5452977,744033,1765004,162417,662342,77449,4832,4689405,211583,88201,1736619,3906961,23293,145603,92771,18549330,7090363,10277982,2325873,788162,4548366,11855940,1,449187,1047386,241675,2604183,2189481,390100,444399,870673,865510,93228,217372,798142,600507,2705617,2536129,604503,366922,13573293,2820831,911059,449744,247899,1052649,1450599,270963,668827,1,258348,34050,6125762,311695,371451,34858,1216692,274169,715094,1017477,1151827,1,2899,13426,316488,376315,113357,1,60229,39650,166681,401177,407085,328573,378873,210192,69240
"Percolated,Blend,Medium",650693,669489,1728879,19745,286212,1046064,62110,137772,229499,204052,126383,92371,900241,283595,645226,1479144,5310594,1029193,675347,193864,658360,84883,1,4733603,198850,54678,1,3133229,1,273198,120010,24368835,9102614,12380431,2344363,896950,5508519,13779974,2354076,593856,1246743,230558,2142496,2129415,243224,376314,738840,996742,1,145440,1036845,824011,2320654,2283289,753255,408404,14950841,3099418,785746,383627,268751,992648,2391945,258588,739492,60250,254705,1,5533459,357851,415234,20327,1235157,304573,727406,588352,1069713,444738,73251,15118,353942,286933,1,1,60830,1,184266,40494,533845,510869,176291,197171,73450
"Percolated,Blend,Medium",680649,669616,1583748,326664,394290,1881281,1,149751,415675,311178,243981,116779,588392,385930,658652,2252821,6033334,804776,1,204834,614426,90006,1,5387452,172711,114636,1,3785588,1,400392,131645,16459399,6325774,8866135,2421795,757216,4593480,11911906,1628424,386039,1027808,227289,2720160,2118666,416430,436543,817369,923306,153318,223300,594212,475546,1968606,1857177,629402,668434,11328847,2498946,917312,464704,262895,1344560,1397808,316906,396122,151713,260608,44845,4259597,231366,328999,26352,1181568,207286,921284,694511,1249080,531144,1,16850,378604,537801,154171,197427,75740,25144,149187,27587,350297,689735,358178,164981,54176
"Unk,Arabica,Medium,Decaf",568926,985442,3043730,1,351975,1230146,1,87206,294148,83325,50394,46673,758145,314001,670797,1736034,2792028,1162214,1,172925,401495,69970,37083,4695238,264790,28737,1,4031105,1,230459,207743,15718461,5224252,8524233,1836780,640927,5037820,11808980,7284,542774,1263053,208002,739165,687977,144533,246904,600817,605570,79709,79702,506757,403503,266043,1811734,467339,433067,5683798,1097540,430080,341767,107160,97235,1399990,204825,493302,1,272312,1,1952065,137901,268321,1,864887,129801,436212,140291,1602444,131701,11633,14714,129992,122397,1,1,1,1,134245,1,323683,299742,187643,339699,53149
"Unk,Blend,Dark",477176,499571,1159548,359463,297354,1218731,1,92270,293372,115187,108995,55012,703329,323230,552852,941380,2410203,1066749,2103145,184988,395811,50905,1,4315603,158008,71821,1196320,3238320,144254,102870,90232,8620328,3192115,4877043,1359978,440886,2491831,6782403,1067322,340878,662361,139944,1872300,1414238,333020,354162,774531,657412,99004,1,216811,187958,529223,1085182,325635,99487,4597376,1100003,510669,398442,88386,319052,979213,208474,458559,150808,253449,37763,5102033,327397,408577,3870,966617,96684,504773,616693,962793,236136,1,10345,182453,212582,60553,1,34057,1,1,76757,320328,224160,328720,229236,35436
